<database>
  <databaseName>CCMixter</databaseName>
  <databaseFolderPath>/home/daniel/Datasets/ccmixter_corpus</databaseFolderPath>
  <trackList>
    <track>
      <title>To_Be_Sensitive_(with_mindmapthat)</title>
      <artist>AlexBeroza</artist>
      <performer>AlexBeroza</performer>
      <instrumentList>
        <instrument>
          <relativeFilepath>AlexBeroza_-_To_Be_Sensitive_(with_mindmapthat)/source-02.wav</relativeFilepath>
          <audioFormat>wav</audioFormat>
          <sampleRate>44100</sampleRate>
          <length>215.019433</length>
          <numChannels>2</numChannels>
          <instrumentChannel>3</instrumentChannel>
          <instrumentName>Voice</instrumentName>
          <hasEffects>true</hasEffects>
          <multipleVoices>true</multipleVoices>
        </instrument>
        <instrument>
          <relativeFilepath>AlexBeroza_-_To_Be_Sensitive_(with_mindmapthat)/source-01.wav</relativeFilepath>
          <audioFormat>wav</audioFormat>
          <sampleRate>44100</sampleRate>
          <length>215.019433</length>
          <numChannels>2</numChannels>
          <instrumentChannel>3</instrumentChannel>
          <instrumentName>Instrumental</instrumentName>
          <hasEffects>true</hasEffects>
          <multipleVoices>true</multipleVoices>
        </instrument>
        <instrument>
          <relativeFilepath>AlexBeroza_-_To_Be_Sensitive_(with_mindmapthat)/mix.wav</relativeFilepath>
          <audioFormat>wav</audioFormat>
          <sampleRate>44100</sampleRate>
          <length>215.019433</length>
          <numChannels>2</numChannels>
          <instrumentChannel>3</instrumentChannel>
          <instrumentName>Mix</instrumentName>
          <hasEffects>true</hasEffects>
          <multipleVoices>true</multipleVoices>
        </instrument>
      </instrumentList>
    </track>
    <track>
      <title>Bingo_(B-I-N-G-O)</title>
      <artist>casimps1</artist>
      <performer>casimps1</performer>
      <instrumentList>
        <instrument>
          <relativeFilepath>casimps1_-_Bingo_(B-I-N-G-O)/source-02.wav</relativeFilepath>
          <audioFormat>wav</audioFormat>
          <sampleRate>44100</sampleRate>
          <length>89.521633</length>
          <numChannels>2</numChannels>
          <instrumentChannel>3</instrumentChannel>
          <instrumentName>Voice</instrumentName>
          <hasEffects>true</hasEffects>
          <multipleVoices>true</multipleVoices>
        </instrument>
        <instrument>
          <relativeFilepath>casimps1_-_Bingo_(B-I-N-G-O)/source-01.wav</relativeFilepath>
          <audioFormat>wav</audioFormat>
          <sampleRate>44100</sampleRate>
          <length>89.521633</length>
          <numChannels>2</numChannels>
          <instrumentChannel>3</instrumentChannel>
          <instrumentName>Instrumental</instrumentName>
          <hasEffects>true</hasEffects>
          <multipleVoices>true</multipleVoices>
        </instrument>
        <instrument>
          <relativeFilepath>casimps1_-_Bingo_(B-I-N-G-O)/mix.wav</relativeFilepath>
          <audioFormat>wav</audioFormat>
          <sampleRate>44100</sampleRate>
          <length>89.521633</length>
          <numChannels>2</numChannels>
          <instrumentChannel>3</instrumentChannel>
          <instrumentName>Mix</instrumentName>
          <hasEffects>true</hasEffects>
          <multipleVoices>true</multipleVoices>
        </instrument>
      </instrumentList>
    </track>
    <track>
      <title>Could_Be</title>
      <artist>casimps1</artist>
      <performer>casimps1</performer>
      <instrumentList>
        <instrument>
          <relativeFilepath>casimps1_-_Could_Be/source-02.wav</relativeFilepath>
          <audioFormat>wav</audioFormat>
          <sampleRate>44100</sampleRate>
          <length>228.075102</length>
          <numChannels>2</numChannels>
          <instrumentChannel>3</instrumentChannel>
          <instrumentName>Voice</instrumentName>
          <hasEffects>true</hasEffects>
          <multipleVoices>true</multipleVoices>
        </instrument>
        <instrument>
          <relativeFilepath>casimps1_-_Could_Be/source-01.wav</relativeFilepath>
          <audioFormat>wav</audioFormat>
          <sampleRate>44100</sampleRate>
          <length>228.075102</length>
          <numChannels>2</numChannels>
          <instrumentChannel>3</instrumentChannel>
          <instrumentName>Instrumental</instrumentName>
          <hasEffects>true</hasEffects>
          <multipleVoices>true</multipleVoices>
        </instrument>
        <instrument>
          <relativeFilepath>casimps1_-_Could_Be/mix.wav</relativeFilepath>
          <audioFormat>wav</audioFormat>
          <sampleRate>44100</sampleRate>
          <length>228.075102</length>
          <numChannels>2</numChannels>
          <instrumentChannel>3</instrumentChannel>
          <instrumentName>Mix</instrumentName>
          <hasEffects>true</hasEffects>
          <multipleVoices>true</multipleVoices>
        </instrument>
      </instrumentList>
    </track>
    <track>
      <title>Itsy_Bitsy_Spider</title>
      <artist>casimps1</artist>
      <performer>casimps1</performer>
      <instrumentList>
        <instrument>
          <relativeFilepath>casimps1_-_Itsy_Bitsy_Spider/source-02.wav</relativeFilepath>
          <audioFormat>wav</audioFormat>
          <sampleRate>44100</sampleRate>
          <length>84.035918</length>
          <numChannels>2</numChannels>
          <instrumentChannel>3</instrumentChannel>
          <instrumentName>Voice</instrumentName>
          <hasEffects>true</hasEffects>
          <multipleVoices>true</multipleVoices>
        </instrument>
        <instrument>
          <relativeFilepath>casimps1_-_Itsy_Bitsy_Spider/source-01.wav</relativeFilepath>
          <audioFormat>wav</audioFormat>
          <sampleRate>44100</sampleRate>
          <length>84.035918</length>
          <numChannels>2</numChannels>
          <instrumentChannel>3</instrumentChannel>
          <instrumentName>Instrumental</instrumentName>
          <hasEffects>true</hasEffects>
          <multipleVoices>true</multipleVoices>
        </instrument>
        <instrument>
          <relativeFilepath>casimps1_-_Itsy_Bitsy_Spider/mix.wav</relativeFilepath>
          <audioFormat>wav</audioFormat>
          <sampleRate>44100</sampleRate>
          <length>84.035918</length>
          <numChannels>2</numChannels>
          <instrumentChannel>3</instrumentChannel>
          <instrumentName>Mix</instrumentName>
          <hasEffects>true</hasEffects>
          <multipleVoices>true</multipleVoices>
        </instrument>
      </instrumentList>
    </track>
    <track>
      <title>Twinkle_Twinkle_Little_Star</title>
      <artist>casimps1</artist>
      <performer>casimps1</performer>
      <instrumentList>
        <instrument>
          <relativeFilepath>casimps1_-_Twinkle_Twinkle_Little_Star/source-02.wav</relativeFilepath>
          <audioFormat>wav</audioFormat>
          <sampleRate>44100</sampleRate>
          <length>77.322449</length>
          <numChannels>2</numChannels>
          <instrumentChannel>3</instrumentChannel>
          <instrumentName>Voice</instrumentName>
          <hasEffects>true</hasEffects>
          <multipleVoices>true</multipleVoices>
        </instrument>
        <instrument>
          <relativeFilepath>casimps1_-_Twinkle_Twinkle_Little_Star/source-01.wav</relativeFilepath>
          <audioFormat>wav</audioFormat>
          <sampleRate>44100</sampleRate>
          <length>77.322449</length>
          <numChannels>2</numChannels>
          <instrumentChannel>3</instrumentChannel>
          <instrumentName>Instrumental</instrumentName>
          <hasEffects>true</hasEffects>
          <multipleVoices>true</multipleVoices>
        </instrument>
        <instrument>
          <relativeFilepath>casimps1_-_Twinkle_Twinkle_Little_Star/mix.wav</relativeFilepath>
          <audioFormat>wav</audioFormat>
          <sampleRate>44100</sampleRate>
          <length>77.322449</length>
          <numChannels>2</numChannels>
          <instrumentChannel>3</instrumentChannel>
          <instrumentName>Mix</instrumentName>
          <hasEffects>true</hasEffects>
          <multipleVoices>true</multipleVoices>
        </instrument>
      </instrumentList>
    </track>
    <track>
      <title>Need_You_Baby</title>
      <artist>copperhead</artist>
      <performer>copperhead</performer>
      <instrumentList>
        <instrument>
          <relativeFilepath>copperhead_-_Need_You_Baby/source-02.wav</relativeFilepath>
          <audioFormat>wav</audioFormat>
          <sampleRate>44100</sampleRate>
          <length>288.539342</length>
          <numChannels>2</numChannels>
          <instrumentChannel>3</instrumentChannel>
          <instrumentName>Voice</instrumentName>
          <hasEffects>true</hasEffects>
          <multipleVoices>true</multipleVoices>
        </instrument>
        <instrument>
          <relativeFilepath>copperhead_-_Need_You_Baby/source-01.wav</relativeFilepath>
          <audioFormat>wav</audioFormat>
          <sampleRate>44100</sampleRate>
          <length>288.539342</length>
          <numChannels>2</numChannels>
          <instrumentChannel>3</instrumentChannel>
          <instrumentName>Instrumental</instrumentName>
          <hasEffects>true</hasEffects>
          <multipleVoices>true</multipleVoices>
        </instrument>
        <instrument>
          <relativeFilepath>copperhead_-_Need_You_Baby/mix.wav</relativeFilepath>
          <audioFormat>wav</audioFormat>
          <sampleRate>44100</sampleRate>
          <length>288.539342</length>
          <numChannels>2</numChannels>
          <instrumentChannel>3</instrumentChannel>
          <instrumentName>Mix</instrumentName>
          <hasEffects>true</hasEffects>
          <multipleVoices>true</multipleVoices>
        </instrument>
      </instrumentList>
    </track>
    <track>
      <title>Alice_In_the_City</title>
      <artist>doxent</artist>
      <performer>doxent</performer>
      <instrumentList>
        <instrument>
          <relativeFilepath>doxent_-_Alice_In_the_City/source-02.wav</relativeFilepath>
          <audioFormat>wav</audioFormat>
          <sampleRate>44100</sampleRate>
          <length>205.894127</length>
          <numChannels>2</numChannels>
          <instrumentChannel>3</instrumentChannel>
          <instrumentName>Voice</instrumentName>
          <hasEffects>true</hasEffects>
          <multipleVoices>true</multipleVoices>
        </instrument>
        <instrument>
          <relativeFilepath>doxent_-_Alice_In_the_City/source-01.wav</relativeFilepath>
          <audioFormat>wav</audioFormat>
          <sampleRate>44100</sampleRate>
          <length>205.894127</length>
          <numChannels>2</numChannels>
          <instrumentChannel>3</instrumentChannel>
          <instrumentName>Instrumental</instrumentName>
          <hasEffects>true</hasEffects>
          <multipleVoices>true</multipleVoices>
        </instrument>
        <instrument>
          <relativeFilepath>doxent_-_Alice_In_the_City/mix.wav</relativeFilepath>
          <audioFormat>wav</audioFormat>
          <sampleRate>44100</sampleRate>
          <length>205.894127</length>
          <numChannels>2</numChannels>
          <instrumentChannel>3</instrumentChannel>
          <instrumentName>Mix</instrumentName>
          <hasEffects>true</hasEffects>
          <multipleVoices>true</multipleVoices>
        </instrument>
      </instrumentList>
    </track>
    <track>
      <title>Blue_Boy</title>
      <artist>geertveneklaas</artist>
      <performer>geertveneklaas</performer>
      <instrumentList>
        <instrument>
          <relativeFilepath>geertveneklaas_-_Blue_Boy/source-02.wav</relativeFilepath>
          <audioFormat>wav</audioFormat>
          <sampleRate>44100</sampleRate>
          <length>242.050612</length>
          <numChannels>2</numChannels>
          <instrumentChannel>3</instrumentChannel>
          <instrumentName>Voice</instrumentName>
          <hasEffects>true</hasEffects>
          <multipleVoices>true</multipleVoices>
        </instrument>
        <instrument>
          <relativeFilepath>geertveneklaas_-_Blue_Boy/source-01.wav</relativeFilepath>
          <audioFormat>wav</audioFormat>
          <sampleRate>44100</sampleRate>
          <length>242.050612</length>
          <numChannels>2</numChannels>
          <instrumentChannel>3</instrumentChannel>
          <instrumentName>Instrumental</instrumentName>
          <hasEffects>true</hasEffects>
          <multipleVoices>true</multipleVoices>
        </instrument>
        <instrument>
          <relativeFilepath>geertveneklaas_-_Blue_Boy/mix.wav</relativeFilepath>
          <audioFormat>wav</audioFormat>
          <sampleRate>44100</sampleRate>
          <length>242.050612</length>
          <numChannels>2</numChannels>
          <instrumentChannel>3</instrumentChannel>
          <instrumentName>Mix</instrumentName>
          <hasEffects>true</hasEffects>
          <multipleVoices>true</multipleVoices>
        </instrument>
      </instrumentList>
    </track>
    <track>
      <title>King_Henry_(Border_Ballad)</title>
      <artist>Javolenus</artist>
      <performer>Javolenus</performer>
      <instrumentList>
        <instrument>
          <relativeFilepath>Javolenus_-_King_Henry_(Border_Ballad)/source-02.wav</relativeFilepath>
          <audioFormat>wav</audioFormat>
          <sampleRate>44100</sampleRate>
          <length>315.062857</length>
          <numChannels>2</numChannels>
          <instrumentChannel>3</instrumentChannel>
          <instrumentName>Voice</instrumentName>
          <hasEffects>true</hasEffects>
          <multipleVoices>true</multipleVoices>
        </instrument>
        <instrument>
          <relativeFilepath>Javolenus_-_King_Henry_(Border_Ballad)/source-01.wav</relativeFilepath>
          <audioFormat>wav</audioFormat>
          <sampleRate>44100</sampleRate>
          <length>315.062857</length>
          <numChannels>2</numChannels>
          <instrumentChannel>3</instrumentChannel>
          <instrumentName>Instrumental</instrumentName>
          <hasEffects>true</hasEffects>
          <multipleVoices>true</multipleVoices>
        </instrument>
        <instrument>
          <relativeFilepath>Javolenus_-_King_Henry_(Border_Ballad)/mix.wav</relativeFilepath>
          <audioFormat>wav</audioFormat>
          <sampleRate>44100</sampleRate>
          <length>315.062857</length>
          <numChannels>2</numChannels>
          <instrumentChannel>3</instrumentChannel>
          <instrumentName>Mix</instrumentName>
          <hasEffects>true</hasEffects>
          <multipleVoices>true</multipleVoices>
        </instrument>
      </instrumentList>
    </track>
    <track>
      <title>You_Don_t_Get_In_Touch_Anymore</title>
      <artist>Javolenus</artist>
      <performer>Javolenus</performer>
      <instrumentList>
        <instrument>
          <relativeFilepath>Javolenus_-_You_Don_t_Get_In_Touch_Anymore/source-02.wav</relativeFilepath>
          <audioFormat>wav</audioFormat>
          <sampleRate>44100</sampleRate>
          <length>342.543673</length>
          <numChannels>2</numChannels>
          <instrumentChannel>3</instrumentChannel>
          <instrumentName>Voice</instrumentName>
          <hasEffects>true</hasEffects>
          <multipleVoices>true</multipleVoices>
        </instrument>
        <instrument>
          <relativeFilepath>Javolenus_-_You_Don_t_Get_In_Touch_Anymore/source-01.wav</relativeFilepath>
          <audioFormat>wav</audioFormat>
          <sampleRate>44100</sampleRate>
          <length>342.543673</length>
          <numChannels>2</numChannels>
          <instrumentChannel>3</instrumentChannel>
          <instrumentName>Instrumental</instrumentName>
          <hasEffects>true</hasEffects>
          <multipleVoices>true</multipleVoices>
        </instrument>
        <instrument>
          <relativeFilepath>Javolenus_-_You_Don_t_Get_In_Touch_Anymore/mix.wav</relativeFilepath>
          <audioFormat>wav</audioFormat>
          <sampleRate>44100</sampleRate>
          <length>342.543673</length>
          <numChannels>2</numChannels>
          <instrumentChannel>3</instrumentChannel>
          <instrumentName>Mix</instrumentName>
          <hasEffects>true</hasEffects>
          <multipleVoices>true</multipleVoices>
        </instrument>
      </instrumentList>
    </track>
    <track>
      <title>A_Spatial_Voyage_From_A_To_B_(Stems)</title>
      <artist>Kamihamiha</artist>
      <performer>Kamihamiha</performer>
      <instrumentList>
        <instrument>
          <relativeFilepath>Kamihamiha_-_A_Spatial_Voyage_From_A_To_B_(Stems)/source-02.wav</relativeFilepath>
          <audioFormat>wav</audioFormat>
          <sampleRate>44100</sampleRate>
          <length>175.138526</length>
          <numChannels>2</numChannels>
          <instrumentChannel>3</instrumentChannel>
          <instrumentName>Voice</instrumentName>
          <hasEffects>true</hasEffects>
          <multipleVoices>true</multipleVoices>
        </instrument>
        <instrument>
          <relativeFilepath>Kamihamiha_-_A_Spatial_Voyage_From_A_To_B_(Stems)/source-01.wav</relativeFilepath>
          <audioFormat>wav</audioFormat>
          <sampleRate>44100</sampleRate>
          <length>175.138526</length>
          <numChannels>2</numChannels>
          <instrumentChannel>3</instrumentChannel>
          <instrumentName>Instrumental</instrumentName>
          <hasEffects>true</hasEffects>
          <multipleVoices>true</multipleVoices>
        </instrument>
        <instrument>
          <relativeFilepath>Kamihamiha_-_A_Spatial_Voyage_From_A_To_B_(Stems)/mix.wav</relativeFilepath>
          <audioFormat>wav</audioFormat>
          <sampleRate>44100</sampleRate>
          <length>175.138526</length>
          <numChannels>2</numChannels>
          <instrumentChannel>3</instrumentChannel>
          <instrumentName>Mix</instrumentName>
          <hasEffects>true</hasEffects>
          <multipleVoices>true</multipleVoices>
        </instrument>
      </instrumentList>
    </track>
    <track>
      <title>KamihamihaNo_Peace_For_The_Middle_East_(Full_Stems)</title>
      <artist>Kamihamiha</artist>
      <performer>Kamihamiha</performer>
      <instrumentList>
        <instrument>
          <relativeFilepath>Kamihamiha_-_Kamihamiha_-_No_Peace_For_The_Middle_East_(Full_Stems)/source-02.wav</relativeFilepath>
          <audioFormat>wav</audioFormat>
          <sampleRate>44100</sampleRate>
          <length>206.811429</length>
          <numChannels>2</numChannels>
          <instrumentChannel>3</instrumentChannel>
          <instrumentName>Voice</instrumentName>
          <hasEffects>true</hasEffects>
          <multipleVoices>true</multipleVoices>
        </instrument>
        <instrument>
          <relativeFilepath>Kamihamiha_-_Kamihamiha_-_No_Peace_For_The_Middle_East_(Full_Stems)/source-01.wav</relativeFilepath>
          <audioFormat>wav</audioFormat>
          <sampleRate>44100</sampleRate>
          <length>206.811429</length>
          <numChannels>2</numChannels>
          <instrumentChannel>3</instrumentChannel>
          <instrumentName>Instrumental</instrumentName>
          <hasEffects>true</hasEffects>
          <multipleVoices>true</multipleVoices>
        </instrument>
        <instrument>
          <relativeFilepath>Kamihamiha_-_Kamihamiha_-_No_Peace_For_The_Middle_East_(Full_Stems)/mix.wav</relativeFilepath>
          <audioFormat>wav</audioFormat>
          <sampleRate>44100</sampleRate>
          <length>206.811429</length>
          <numChannels>2</numChannels>
          <instrumentChannel>3</instrumentChannel>
          <instrumentName>Mix</instrumentName>
          <hasEffects>true</hasEffects>
          <multipleVoices>true</multipleVoices>
        </instrument>
      </instrumentList>
    </track>
    <track>
      <title>KamihamihaTrash_The_Disco_(Stems)</title>
      <artist>Kamihamiha</artist>
      <performer>Kamihamiha</performer>
      <instrumentList>
        <instrument>
          <relativeFilepath>Kamihamiha_-_Kamihamiha_-_Trash_The_Disco_(Stems)/source-02.wav</relativeFilepath>
          <audioFormat>wav</audioFormat>
          <sampleRate>44100</sampleRate>
          <length>219.480816</length>
          <numChannels>2</numChannels>
          <instrumentChannel>3</instrumentChannel>
          <instrumentName>Voice</instrumentName>
          <hasEffects>true</hasEffects>
          <multipleVoices>true</multipleVoices>
        </instrument>
        <instrument>
          <relativeFilepath>Kamihamiha_-_Kamihamiha_-_Trash_The_Disco_(Stems)/source-01.wav</relativeFilepath>
          <audioFormat>wav</audioFormat>
          <sampleRate>44100</sampleRate>
          <length>219.480816</length>
          <numChannels>2</numChannels>
          <instrumentChannel>3</instrumentChannel>
          <instrumentName>Instrumental</instrumentName>
          <hasEffects>true</hasEffects>
          <multipleVoices>true</multipleVoices>
        </instrument>
        <instrument>
          <relativeFilepath>Kamihamiha_-_Kamihamiha_-_Trash_The_Disco_(Stems)/mix.wav</relativeFilepath>
          <audioFormat>wav</audioFormat>
          <sampleRate>44100</sampleRate>
          <length>219.480816</length>
          <numChannels>2</numChannels>
          <instrumentChannel>3</instrumentChannel>
          <instrumentName>Mix</instrumentName>
          <hasEffects>true</hasEffects>
          <multipleVoices>true</multipleVoices>
        </instrument>
      </instrumentList>
    </track>
    <track>
      <title>Emma_(Barnstormer_Mix)_inc_stems</title>
      <artist>stellarartwars</artist>
      <performer>stellarartwars</performer>
      <instrumentList>
        <instrument>
          <relativeFilepath>stellarartwars_-_Emma_(Barnstormer_Mix)_inc_stems/source-02.wav</relativeFilepath>
          <audioFormat>wav</audioFormat>
          <sampleRate>44100</sampleRate>
          <length>192.078367</length>
          <numChannels>2</numChannels>
          <instrumentChannel>3</instrumentChannel>
          <instrumentName>Voice</instrumentName>
          <hasEffects>true</hasEffects>
          <multipleVoices>true</multipleVoices>
        </instrument>
        <instrument>
          <relativeFilepath>stellarartwars_-_Emma_(Barnstormer_Mix)_inc_stems/source-01.wav</relativeFilepath>
          <audioFormat>wav</audioFormat>
          <sampleRate>44100</sampleRate>
          <length>192.078367</length>
          <numChannels>2</numChannels>
          <instrumentChannel>3</instrumentChannel>
          <instrumentName>Instrumental</instrumentName>
          <hasEffects>true</hasEffects>
          <multipleVoices>true</multipleVoices>
        </instrument>
        <instrument>
          <relativeFilepath>stellarartwars_-_Emma_(Barnstormer_Mix)_inc_stems/mix.wav</relativeFilepath>
          <audioFormat>wav</audioFormat>
          <sampleRate>44100</sampleRate>
          <length>192.078367</length>
          <numChannels>2</numChannels>
          <instrumentChannel>3</instrumentChannel>
          <instrumentName>Mix</instrumentName>
          <hasEffects>true</hasEffects>
          <multipleVoices>true</multipleVoices>
        </instrument>
      </instrumentList>
    </track>
    <track>
      <title>Finally_Found_(Dense_Robin_Mix)</title>
      <artist>stellarartwars</artist>
      <performer>stellarartwars</performer>
      <instrumentList>
        <instrument>
          <relativeFilepath>stellarartwars_-_Finally_Found_(Dense_Robin_Mix)/source-02.wav</relativeFilepath>
          <audioFormat>wav</audioFormat>
          <sampleRate>44100</sampleRate>
          <length>206.080000</length>
          <numChannels>2</numChannels>
          <instrumentChannel>3</instrumentChannel>
          <instrumentName>Voice</instrumentName>
          <hasEffects>true</hasEffects>
          <multipleVoices>true</multipleVoices>
        </instrument>
        <instrument>
          <relativeFilepath>stellarartwars_-_Finally_Found_(Dense_Robin_Mix)/source-01.wav</relativeFilepath>
          <audioFormat>wav</audioFormat>
          <sampleRate>44100</sampleRate>
          <length>206.080000</length>
          <numChannels>2</numChannels>
          <instrumentChannel>3</instrumentChannel>
          <instrumentName>Instrumental</instrumentName>
          <hasEffects>true</hasEffects>
          <multipleVoices>true</multipleVoices>
        </instrument>
        <instrument>
          <relativeFilepath>stellarartwars_-_Finally_Found_(Dense_Robin_Mix)/mix.wav</relativeFilepath>
          <audioFormat>wav</audioFormat>
          <sampleRate>44100</sampleRate>
          <length>206.080000</length>
          <numChannels>2</numChannels>
          <instrumentChannel>3</instrumentChannel>
          <instrumentName>Mix</instrumentName>
          <hasEffects>true</hasEffects>
          <multipleVoices>true</multipleVoices>
        </instrument>
      </instrumentList>
    </track>
    <track>
      <title>Go_Time_(scratched_perversion_mix)_inc_stems</title>
      <artist>stellarartwars</artist>
      <performer>stellarartwars</performer>
      <instrumentList>
        <instrument>
          <relativeFilepath>stellarartwars_-_Go_Time_(scratched_perversion_mix)_inc_stems/source-02.wav</relativeFilepath>
          <audioFormat>wav</audioFormat>
          <sampleRate>44100</sampleRate>
          <length>327.209796</length>
          <numChannels>2</numChannels>
          <instrumentChannel>3</instrumentChannel>
          <instrumentName>Voice</instrumentName>
          <hasEffects>true</hasEffects>
          <multipleVoices>true</multipleVoices>
        </instrument>
        <instrument>
          <relativeFilepath>stellarartwars_-_Go_Time_(scratched_perversion_mix)_inc_stems/source-01.wav</relativeFilepath>
          <audioFormat>wav</audioFormat>
          <sampleRate>44100</sampleRate>
          <length>327.209796</length>
          <numChannels>2</numChannels>
          <instrumentChannel>3</instrumentChannel>
          <instrumentName>Instrumental</instrumentName>
          <hasEffects>true</hasEffects>
          <multipleVoices>true</multipleVoices>
        </instrument>
        <instrument>
          <relativeFilepath>stellarartwars_-_Go_Time_(scratched_perversion_mix)_inc_stems/mix.wav</relativeFilepath>
          <audioFormat>wav</audioFormat>
          <sampleRate>44100</sampleRate>
          <length>327.209796</length>
          <numChannels>2</numChannels>
          <instrumentChannel>3</instrumentChannel>
          <instrumentName>Mix</instrumentName>
          <hasEffects>true</hasEffects>
          <multipleVoices>true</multipleVoices>
        </instrument>
      </instrumentList>
    </track>
    <track>
      <title>Human_Race_(A_Rotten_Race_For_Elvis_Mix)_inc_stems</title>
      <artist>stellarartwars</artist>
      <performer>stellarartwars</performer>
      <instrumentList>
        <instrument>
          <relativeFilepath>stellarartwars_-_Human_Race_(A_Rotten_Race_For_Elvis_Mix)_inc_stems/source-02.wav</relativeFilepath>
          <audioFormat>wav</audioFormat>
          <sampleRate>44100</sampleRate>
          <length>185.234286</length>
          <numChannels>2</numChannels>
          <instrumentChannel>3</instrumentChannel>
          <instrumentName>Voice</instrumentName>
          <hasEffects>true</hasEffects>
          <multipleVoices>true</multipleVoices>
        </instrument>
        <instrument>
          <relativeFilepath>stellarartwars_-_Human_Race_(A_Rotten_Race_For_Elvis_Mix)_inc_stems/source-01.wav</relativeFilepath>
          <audioFormat>wav</audioFormat>
          <sampleRate>44100</sampleRate>
          <length>185.234286</length>
          <numChannels>2</numChannels>
          <instrumentChannel>3</instrumentChannel>
          <instrumentName>Instrumental</instrumentName>
          <hasEffects>true</hasEffects>
          <multipleVoices>true</multipleVoices>
        </instrument>
        <instrument>
          <relativeFilepath>stellarartwars_-_Human_Race_(A_Rotten_Race_For_Elvis_Mix)_inc_stems/mix.wav</relativeFilepath>
          <audioFormat>wav</audioFormat>
          <sampleRate>44100</sampleRate>
          <length>185.234286</length>
          <numChannels>2</numChannels>
          <instrumentChannel>3</instrumentChannel>
          <instrumentName>Mix</instrumentName>
          <hasEffects>true</hasEffects>
          <multipleVoices>true</multipleVoices>
        </instrument>
      </instrumentList>
    </track>
    <track>
      <title>I_Will_Follow_(Rachel_s_Revenge_Mix)_inc_stems</title>
      <artist>stellarartwars</artist>
      <performer>stellarartwars</performer>
      <instrumentList>
        <instrument>
          <relativeFilepath>stellarartwars_-_I_Will_Follow_(Rachel_s_Revenge_Mix)_inc_stems/source-02.wav</relativeFilepath>
          <audioFormat>wav</audioFormat>
          <sampleRate>44100</sampleRate>
          <length>226.868413</length>
          <numChannels>2</numChannels>
          <instrumentChannel>3</instrumentChannel>
          <instrumentName>Voice</instrumentName>
          <hasEffects>true</hasEffects>
          <multipleVoices>true</multipleVoices>
        </instrument>
        <instrument>
          <relativeFilepath>stellarartwars_-_I_Will_Follow_(Rachel_s_Revenge_Mix)_inc_stems/source-01.wav</relativeFilepath>
          <audioFormat>wav</audioFormat>
          <sampleRate>44100</sampleRate>
          <length>226.868413</length>
          <numChannels>2</numChannels>
          <instrumentChannel>3</instrumentChannel>
          <instrumentName>Instrumental</instrumentName>
          <hasEffects>true</hasEffects>
          <multipleVoices>true</multipleVoices>
        </instrument>
        <instrument>
          <relativeFilepath>stellarartwars_-_I_Will_Follow_(Rachel_s_Revenge_Mix)_inc_stems/mix.wav</relativeFilepath>
          <audioFormat>wav</audioFormat>
          <sampleRate>44100</sampleRate>
          <length>226.868413</length>
          <numChannels>2</numChannels>
          <instrumentChannel>3</instrumentChannel>
          <instrumentName>Mix</instrumentName>
          <hasEffects>true</hasEffects>
          <multipleVoices>true</multipleVoices>
        </instrument>
      </instrumentList>
    </track>
    <track>
      <title>Love_Liberation_(inc_stems)</title>
      <artist>stellarartwars</artist>
      <performer>stellarartwars</performer>
      <instrumentList>
        <instrument>
          <relativeFilepath>stellarartwars_-_Love_Liberation_(inc_stems)/source-02.wav</relativeFilepath>
          <audioFormat>wav</audioFormat>
          <sampleRate>44100</sampleRate>
          <length>189.675102</length>
          <numChannels>2</numChannels>
          <instrumentChannel>3</instrumentChannel>
          <instrumentName>Voice</instrumentName>
          <hasEffects>true</hasEffects>
          <multipleVoices>true</multipleVoices>
        </instrument>
        <instrument>
          <relativeFilepath>stellarartwars_-_Love_Liberation_(inc_stems)/source-01.wav</relativeFilepath>
          <audioFormat>wav</audioFormat>
          <sampleRate>44100</sampleRate>
          <length>189.675102</length>
          <numChannels>2</numChannels>
          <instrumentChannel>3</instrumentChannel>
          <instrumentName>Instrumental</instrumentName>
          <hasEffects>true</hasEffects>
          <multipleVoices>true</multipleVoices>
        </instrument>
        <instrument>
          <relativeFilepath>stellarartwars_-_Love_Liberation_(inc_stems)/mix.wav</relativeFilepath>
          <audioFormat>wav</audioFormat>
          <sampleRate>44100</sampleRate>
          <length>189.675102</length>
          <numChannels>2</numChannels>
          <instrumentChannel>3</instrumentChannel>
          <instrumentName>Mix</instrumentName>
          <hasEffects>true</hasEffects>
          <multipleVoices>true</multipleVoices>
        </instrument>
      </instrumentList>
    </track>
    <track>
      <title>Lucky_Boy_(Rampton_Hill_Mix)_inc_stems</title>
      <artist>stellarartwars</artist>
      <performer>stellarartwars</performer>
      <instrumentList>
        <instrument>
          <relativeFilepath>stellarartwars_-_Lucky_Boy_(Rampton_Hill_Mix)_inc_stems/source-02.wav</relativeFilepath>
          <audioFormat>wav</audioFormat>
          <sampleRate>44100</sampleRate>
          <length>176.666122</length>
          <numChannels>2</numChannels>
          <instrumentChannel>3</instrumentChannel>
          <instrumentName>Voice</instrumentName>
          <hasEffects>true</hasEffects>
          <multipleVoices>true</multipleVoices>
        </instrument>
        <instrument>
          <relativeFilepath>stellarartwars_-_Lucky_Boy_(Rampton_Hill_Mix)_inc_stems/source-01.wav</relativeFilepath>
          <audioFormat>wav</audioFormat>
          <sampleRate>44100</sampleRate>
          <length>176.666122</length>
          <numChannels>2</numChannels>
          <instrumentChannel>3</instrumentChannel>
          <instrumentName>Instrumental</instrumentName>
          <hasEffects>true</hasEffects>
          <multipleVoices>true</multipleVoices>
        </instrument>
        <instrument>
          <relativeFilepath>stellarartwars_-_Lucky_Boy_(Rampton_Hill_Mix)_inc_stems/mix.wav</relativeFilepath>
          <audioFormat>wav</audioFormat>
          <sampleRate>44100</sampleRate>
          <length>176.666122</length>
          <numChannels>2</numChannels>
          <instrumentChannel>3</instrumentChannel>
          <instrumentName>Mix</instrumentName>
          <hasEffects>true</hasEffects>
          <multipleVoices>true</multipleVoices>
        </instrument>
      </instrumentList>
    </track>
    <track>
      <title>Music</title>
      <artist>stellarartwars</artist>
      <performer>stellarartwars</performer>
      <instrumentList>
        <instrument>
          <relativeFilepath>stellarartwars_-_Music/source-02.wav</relativeFilepath>
          <audioFormat>wav</audioFormat>
          <sampleRate>44100</sampleRate>
          <length>347.219592</length>
          <numChannels>2</numChannels>
          <instrumentChannel>3</instrumentChannel>
          <instrumentName>Voice</instrumentName>
          <hasEffects>true</hasEffects>
          <multipleVoices>true</multipleVoices>
        </instrument>
        <instrument>
          <relativeFilepath>stellarartwars_-_Music/source-01.wav</relativeFilepath>
          <audioFormat>wav</audioFormat>
          <sampleRate>44100</sampleRate>
          <length>347.219592</length>
          <numChannels>2</numChannels>
          <instrumentChannel>3</instrumentChannel>
          <instrumentName>Instrumental</instrumentName>
          <hasEffects>true</hasEffects>
          <multipleVoices>true</multipleVoices>
        </instrument>
        <instrument>
          <relativeFilepath>stellarartwars_-_Music/mix.wav</relativeFilepath>
          <audioFormat>wav</audioFormat>
          <sampleRate>44100</sampleRate>
          <length>347.219592</length>
          <numChannels>2</numChannels>
          <instrumentChannel>3</instrumentChannel>
          <instrumentName>Mix</instrumentName>
          <hasEffects>true</hasEffects>
          <multipleVoices>true</multipleVoices>
        </instrument>
      </instrumentList>
    </track>
    <track>
      <title>Occupy_Walk_(Molested_Mix)</title>
      <artist>stellarartwars</artist>
      <performer>stellarartwars</performer>
      <instrumentList>
        <instrument>
          <relativeFilepath>stellarartwars_-_Occupy_Walk_(Molested_Mix)/source-02.wav</relativeFilepath>
          <audioFormat>wav</audioFormat>
          <sampleRate>44100</sampleRate>
          <length>191.270454</length>
          <numChannels>2</numChannels>
          <instrumentChannel>3</instrumentChannel>
          <instrumentName>Voice</instrumentName>
          <hasEffects>true</hasEffects>
          <multipleVoices>true</multipleVoices>
        </instrument>
        <instrument>
          <relativeFilepath>stellarartwars_-_Occupy_Walk_(Molested_Mix)/source-01.wav</relativeFilepath>
          <audioFormat>wav</audioFormat>
          <sampleRate>44100</sampleRate>
          <length>191.270454</length>
          <numChannels>2</numChannels>
          <instrumentChannel>3</instrumentChannel>
          <instrumentName>Instrumental</instrumentName>
          <hasEffects>true</hasEffects>
          <multipleVoices>true</multipleVoices>
        </instrument>
        <instrument>
          <relativeFilepath>stellarartwars_-_Occupy_Walk_(Molested_Mix)/mix.wav</relativeFilepath>
          <audioFormat>wav</audioFormat>
          <sampleRate>44100</sampleRate>
          <length>191.270454</length>
          <numChannels>2</numChannels>
          <instrumentChannel>3</instrumentChannel>
          <instrumentName>Mix</instrumentName>
          <hasEffects>true</hasEffects>
          <multipleVoices>true</multipleVoices>
        </instrument>
      </instrumentList>
    </track>
    <track>
      <title>On_A_Silent_Night</title>
      <artist>stellarartwars</artist>
      <performer>stellarartwars</performer>
      <instrumentList>
        <instrument>
          <relativeFilepath>stellarartwars_-_On_A_Silent_Night/source-02.wav</relativeFilepath>
          <audioFormat>wav</audioFormat>
          <sampleRate>44100</sampleRate>
          <length>291.489184</length>
          <numChannels>2</numChannels>
          <instrumentChannel>3</instrumentChannel>
          <instrumentName>Voice</instrumentName>
          <hasEffects>true</hasEffects>
          <multipleVoices>true</multipleVoices>
        </instrument>
        <instrument>
          <relativeFilepath>stellarartwars_-_On_A_Silent_Night/source-01.wav</relativeFilepath>
          <audioFormat>wav</audioFormat>
          <sampleRate>44100</sampleRate>
          <length>291.489184</length>
          <numChannels>2</numChannels>
          <instrumentChannel>3</instrumentChannel>
          <instrumentName>Instrumental</instrumentName>
          <hasEffects>true</hasEffects>
          <multipleVoices>true</multipleVoices>
        </instrument>
        <instrument>
          <relativeFilepath>stellarartwars_-_On_A_Silent_Night/mix.wav</relativeFilepath>
          <audioFormat>wav</audioFormat>
          <sampleRate>44100</sampleRate>
          <length>291.489184</length>
          <numChannels>2</numChannels>
          <instrumentChannel>3</instrumentChannel>
          <instrumentName>Mix</instrumentName>
          <hasEffects>true</hasEffects>
          <multipleVoices>true</multipleVoices>
        </instrument>
      </instrumentList>
    </track>
    <track>
      <title>Orange_(I_m_In_The_Mood_For_Trancing_Mix)</title>
      <artist>stellarartwars</artist>
      <performer>stellarartwars</performer>
      <instrumentList>
        <instrument>
          <relativeFilepath>stellarartwars_-_Orange_(I_m_In_The_Mood_For_Trancing_Mix)/source-02.wav</relativeFilepath>
          <audioFormat>wav</audioFormat>
          <sampleRate>44100</sampleRate>
          <length>267.520000</length>
          <numChannels>2</numChannels>
          <instrumentChannel>3</instrumentChannel>
          <instrumentName>Voice</instrumentName>
          <hasEffects>true</hasEffects>
          <multipleVoices>true</multipleVoices>
        </instrument>
        <instrument>
          <relativeFilepath>stellarartwars_-_Orange_(I_m_In_The_Mood_For_Trancing_Mix)/source-01.wav</relativeFilepath>
          <audioFormat>wav</audioFormat>
          <sampleRate>44100</sampleRate>
          <length>267.520000</length>
          <numChannels>2</numChannels>
          <instrumentChannel>3</instrumentChannel>
          <instrumentName>Instrumental</instrumentName>
          <hasEffects>true</hasEffects>
          <multipleVoices>true</multipleVoices>
        </instrument>
        <instrument>
          <relativeFilepath>stellarartwars_-_Orange_(I_m_In_The_Mood_For_Trancing_Mix)/mix.wav</relativeFilepath>
          <audioFormat>wav</audioFormat>
          <sampleRate>44100</sampleRate>
          <length>267.520000</length>
          <numChannels>2</numChannels>
          <instrumentChannel>3</instrumentChannel>
          <instrumentName>Mix</instrumentName>
          <hasEffects>true</hasEffects>
          <multipleVoices>true</multipleVoices>
        </instrument>
      </instrumentList>
    </track>
    <track>
      <title>Perfectly_4_U_(rough_stems)</title>
      <artist>stellarartwars</artist>
      <performer>stellarartwars</performer>
      <instrumentList>
        <instrument>
          <relativeFilepath>stellarartwars_-_Perfectly_4_U_(rough_stems)/source-02.wav</relativeFilepath>
          <audioFormat>wav</audioFormat>
          <sampleRate>44100</sampleRate>
          <length>96.078367</length>
          <numChannels>2</numChannels>
          <instrumentChannel>3</instrumentChannel>
          <instrumentName>Voice</instrumentName>
          <hasEffects>true</hasEffects>
          <multipleVoices>true</multipleVoices>
        </instrument>
        <instrument>
          <relativeFilepath>stellarartwars_-_Perfectly_4_U_(rough_stems)/source-01.wav</relativeFilepath>
          <audioFormat>wav</audioFormat>
          <sampleRate>44100</sampleRate>
          <length>96.078367</length>
          <numChannels>2</numChannels>
          <instrumentChannel>3</instrumentChannel>
          <instrumentName>Instrumental</instrumentName>
          <hasEffects>true</hasEffects>
          <multipleVoices>true</multipleVoices>
        </instrument>
        <instrument>
          <relativeFilepath>stellarartwars_-_Perfectly_4_U_(rough_stems)/mix.wav</relativeFilepath>
          <audioFormat>wav</audioFormat>
          <sampleRate>44100</sampleRate>
          <length>96.078367</length>
          <numChannels>2</numChannels>
          <instrumentChannel>3</instrumentChannel>
          <instrumentName>Mix</instrumentName>
          <hasEffects>true</hasEffects>
          <multipleVoices>true</multipleVoices>
        </instrument>
      </instrumentList>
    </track>
    <track>
      <title>Square_Bidness_(SAW_Rapperboy_Mix)_stems</title>
      <artist>stellarartwars</artist>
      <performer>stellarartwars</performer>
      <instrumentList>
        <instrument>
          <relativeFilepath>stellarartwars_-_Square_Bidness_(SAW_Rapperboy_Mix)_stems/source-02.wav</relativeFilepath>
          <audioFormat>wav</audioFormat>
          <sampleRate>44100</sampleRate>
          <length>316.630204</length>
          <numChannels>2</numChannels>
          <instrumentChannel>3</instrumentChannel>
          <instrumentName>Voice</instrumentName>
          <hasEffects>true</hasEffects>
          <multipleVoices>true</multipleVoices>
        </instrument>
        <instrument>
          <relativeFilepath>stellarartwars_-_Square_Bidness_(SAW_Rapperboy_Mix)_stems/source-01.wav</relativeFilepath>
          <audioFormat>wav</audioFormat>
          <sampleRate>44100</sampleRate>
          <length>316.630204</length>
          <numChannels>2</numChannels>
          <instrumentChannel>3</instrumentChannel>
          <instrumentName>Instrumental</instrumentName>
          <hasEffects>true</hasEffects>
          <multipleVoices>true</multipleVoices>
        </instrument>
        <instrument>
          <relativeFilepath>stellarartwars_-_Square_Bidness_(SAW_Rapperboy_Mix)_stems/mix.wav</relativeFilepath>
          <audioFormat>wav</audioFormat>
          <sampleRate>44100</sampleRate>
          <length>316.630204</length>
          <numChannels>2</numChannels>
          <instrumentChannel>3</instrumentChannel>
          <instrumentName>Mix</instrumentName>
          <hasEffects>true</hasEffects>
          <multipleVoices>true</multipleVoices>
        </instrument>
      </instrumentList>
    </track>
    <track>
      <title>Sweet_Seduction_2_(Romilar_Mix)</title>
      <artist>stellarartwars</artist>
      <performer>stellarartwars</performer>
      <instrumentList>
        <instrument>
          <relativeFilepath>stellarartwars_-_Sweet_Seduction_2_(Romilar_Mix)/source-02.wav</relativeFilepath>
          <audioFormat>wav</audioFormat>
          <sampleRate>44100</sampleRate>
          <length>358.373878</length>
          <numChannels>2</numChannels>
          <instrumentChannel>3</instrumentChannel>
          <instrumentName>Voice</instrumentName>
          <hasEffects>true</hasEffects>
          <multipleVoices>true</multipleVoices>
        </instrument>
        <instrument>
          <relativeFilepath>stellarartwars_-_Sweet_Seduction_2_(Romilar_Mix)/source-01.wav</relativeFilepath>
          <audioFormat>wav</audioFormat>
          <sampleRate>44100</sampleRate>
          <length>358.373878</length>
          <numChannels>2</numChannels>
          <instrumentChannel>3</instrumentChannel>
          <instrumentName>Instrumental</instrumentName>
          <hasEffects>true</hasEffects>
          <multipleVoices>true</multipleVoices>
        </instrument>
        <instrument>
          <relativeFilepath>stellarartwars_-_Sweet_Seduction_2_(Romilar_Mix)/mix.wav</relativeFilepath>
          <audioFormat>wav</audioFormat>
          <sampleRate>44100</sampleRate>
          <length>358.373878</length>
          <numChannels>2</numChannels>
          <instrumentChannel>3</instrumentChannel>
          <instrumentName>Mix</instrumentName>
          <hasEffects>true</hasEffects>
          <multipleVoices>true</multipleVoices>
        </instrument>
      </instrumentList>
    </track>
    <track>
      <title>To_Be_Sensitive_(inc_stems)</title>
      <artist>stellarartwars</artist>
      <performer>stellarartwars</performer>
      <instrumentList>
        <instrument>
          <relativeFilepath>stellarartwars_-_To_Be_Sensitive_(inc_stems)/source-02.wav</relativeFilepath>
          <audioFormat>wav</audioFormat>
          <sampleRate>44100</sampleRate>
          <length>294.086531</length>
          <numChannels>2</numChannels>
          <instrumentChannel>3</instrumentChannel>
          <instrumentName>Voice</instrumentName>
          <hasEffects>true</hasEffects>
          <multipleVoices>true</multipleVoices>
        </instrument>
        <instrument>
          <relativeFilepath>stellarartwars_-_To_Be_Sensitive_(inc_stems)/source-01.wav</relativeFilepath>
          <audioFormat>wav</audioFormat>
          <sampleRate>44100</sampleRate>
          <length>294.086531</length>
          <numChannels>2</numChannels>
          <instrumentChannel>3</instrumentChannel>
          <instrumentName>Instrumental</instrumentName>
          <hasEffects>true</hasEffects>
          <multipleVoices>true</multipleVoices>
        </instrument>
        <instrument>
          <relativeFilepath>stellarartwars_-_To_Be_Sensitive_(inc_stems)/mix.wav</relativeFilepath>
          <audioFormat>wav</audioFormat>
          <sampleRate>44100</sampleRate>
          <length>294.086531</length>
          <numChannels>2</numChannels>
          <instrumentChannel>3</instrumentChannel>
          <instrumentName>Mix</instrumentName>
          <hasEffects>true</hasEffects>
          <multipleVoices>true</multipleVoices>
        </instrument>
      </instrumentList>
    </track>
    <track>
      <title>Winter_Glow_(SAW_liquid_d_b_mix)</title>
      <artist>stellarartwars</artist>
      <performer>stellarartwars</performer>
      <instrumentList>
        <instrument>
          <relativeFilepath>stellarartwars_-_Winter_Glow_(SAW_liquid_d_b_mix)/source-02.wav</relativeFilepath>
          <audioFormat>wav</audioFormat>
          <sampleRate>44100</sampleRate>
          <length>260.884898</length>
          <numChannels>2</numChannels>
          <instrumentChannel>3</instrumentChannel>
          <instrumentName>Voice</instrumentName>
          <hasEffects>true</hasEffects>
          <multipleVoices>true</multipleVoices>
        </instrument>
        <instrument>
          <relativeFilepath>stellarartwars_-_Winter_Glow_(SAW_liquid_d_b_mix)/source-01.wav</relativeFilepath>
          <audioFormat>wav</audioFormat>
          <sampleRate>44100</sampleRate>
          <length>260.884898</length>
          <numChannels>2</numChannels>
          <instrumentChannel>3</instrumentChannel>
          <instrumentName>Instrumental</instrumentName>
          <hasEffects>true</hasEffects>
          <multipleVoices>true</multipleVoices>
        </instrument>
        <instrument>
          <relativeFilepath>stellarartwars_-_Winter_Glow_(SAW_liquid_d_b_mix)/mix.wav</relativeFilepath>
          <audioFormat>wav</audioFormat>
          <sampleRate>44100</sampleRate>
          <length>260.884898</length>
          <numChannels>2</numChannels>
          <instrumentChannel>3</instrumentChannel>
          <instrumentName>Mix</instrumentName>
          <hasEffects>true</hasEffects>
          <multipleVoices>true</multipleVoices>
        </instrument>
      </instrumentList>
    </track>
    <track>
      <title>Forget_ItDemo</title>
      <artist>tmray</artist>
      <performer>tmray</performer>
      <instrumentList>
        <instrument>
          <relativeFilepath>tmray_-_Forget_It_-_Demo/source-02.wav</relativeFilepath>
          <audioFormat>wav</audioFormat>
          <sampleRate>44100</sampleRate>
          <length>193.314830</length>
          <numChannels>2</numChannels>
          <instrumentChannel>3</instrumentChannel>
          <instrumentName>Voice</instrumentName>
          <hasEffects>true</hasEffects>
          <multipleVoices>true</multipleVoices>
        </instrument>
        <instrument>
          <relativeFilepath>tmray_-_Forget_It_-_Demo/source-01.wav</relativeFilepath>
          <audioFormat>wav</audioFormat>
          <sampleRate>44100</sampleRate>
          <length>193.314830</length>
          <numChannels>2</numChannels>
          <instrumentChannel>3</instrumentChannel>
          <instrumentName>Instrumental</instrumentName>
          <hasEffects>true</hasEffects>
          <multipleVoices>true</multipleVoices>
        </instrument>
        <instrument>
          <relativeFilepath>tmray_-_Forget_It_-_Demo/mix.wav</relativeFilepath>
          <audioFormat>wav</audioFormat>
          <sampleRate>44100</sampleRate>
          <length>193.314830</length>
          <numChannels>2</numChannels>
          <instrumentChannel>3</instrumentChannel>
          <instrumentName>Mix</instrumentName>
          <hasEffects>true</hasEffects>
          <multipleVoices>true</multipleVoices>
        </instrument>
      </instrumentList>
    </track>
    <track>
      <title>Roulette</title>
      <artist>tmray</artist>
      <performer>tmray</performer>
      <instrumentList>
        <instrument>
          <relativeFilepath>tmray_-_Roulette/source-02.wav</relativeFilepath>
          <audioFormat>wav</audioFormat>
          <sampleRate>44100</sampleRate>
          <length>240.382630</length>
          <numChannels>2</numChannels>
          <instrumentChannel>3</instrumentChannel>
          <instrumentName>Voice</instrumentName>
          <hasEffects>true</hasEffects>
          <multipleVoices>true</multipleVoices>
        </instrument>
        <instrument>
          <relativeFilepath>tmray_-_Roulette/source-01.wav</relativeFilepath>
          <audioFormat>wav</audioFormat>
          <sampleRate>44100</sampleRate>
          <length>240.382630</length>
          <numChannels>2</numChannels>
          <instrumentChannel>3</instrumentChannel>
          <instrumentName>Instrumental</instrumentName>
          <hasEffects>true</hasEffects>
          <multipleVoices>true</multipleVoices>
        </instrument>
        <instrument>
          <relativeFilepath>tmray_-_Roulette/mix.wav</relativeFilepath>
          <audioFormat>wav</audioFormat>
          <sampleRate>44100</sampleRate>
          <length>240.382630</length>
          <numChannels>2</numChannels>
          <instrumentChannel>3</instrumentChannel>
          <instrumentName>Mix</instrumentName>
          <hasEffects>true</hasEffects>
          <multipleVoices>true</multipleVoices>
        </instrument>
      </instrumentList>
    </track>
    <track>
      <title>Big_John (with_snowflake)</title>
      <artist>unreal_dm</artist>
      <performer>unreal_dm</performer>
      <instrumentList>
        <instrument>
          <relativeFilepath>unreal_dm_-_Big_John (with_snowflake)/source-02.wav</relativeFilepath>
          <audioFormat>wav</audioFormat>
          <sampleRate>44100</sampleRate>
          <length>168.945057</length>
          <numChannels>2</numChannels>
          <instrumentChannel>3</instrumentChannel>
          <instrumentName>Voice</instrumentName>
          <hasEffects>true</hasEffects>
          <multipleVoices>true</multipleVoices>
        </instrument>
        <instrument>
          <relativeFilepath>unreal_dm_-_Big_John (with_snowflake)/source-01.wav</relativeFilepath>
          <audioFormat>wav</audioFormat>
          <sampleRate>44100</sampleRate>
          <length>168.945057</length>
          <numChannels>2</numChannels>
          <instrumentChannel>3</instrumentChannel>
          <instrumentName>Instrumental</instrumentName>
          <hasEffects>true</hasEffects>
          <multipleVoices>true</multipleVoices>
        </instrument>
        <instrument>
          <relativeFilepath>unreal_dm_-_Big_John (with_snowflake)/mix.wav</relativeFilepath>
          <audioFormat>wav</audioFormat>
          <sampleRate>44100</sampleRate>
          <length>168.945057</length>
          <numChannels>2</numChannels>
          <instrumentChannel>3</instrumentChannel>
          <instrumentName>Mix</instrumentName>
          <hasEffects>true</hasEffects>
          <multipleVoices>true</multipleVoices>
        </instrument>
      </instrumentList>
    </track>
    <track>
      <title>Californian_Winter</title>
      <artist>unreal_dm</artist>
      <performer>unreal_dm</performer>
      <instrumentList>
        <instrument>
          <relativeFilepath>unreal_dm_-_Californian_Winter/source-02.wav</relativeFilepath>
          <audioFormat>wav</audioFormat>
          <sampleRate>44100</sampleRate>
          <length>200.116757</length>
          <numChannels>2</numChannels>
          <instrumentChannel>3</instrumentChannel>
          <instrumentName>Voice</instrumentName>
          <hasEffects>true</hasEffects>
          <multipleVoices>true</multipleVoices>
        </instrument>
        <instrument>
          <relativeFilepath>unreal_dm_-_Californian_Winter/source-01.wav</relativeFilepath>
          <audioFormat>wav</audioFormat>
          <sampleRate>44100</sampleRate>
          <length>200.116757</length>
          <numChannels>2</numChannels>
          <instrumentChannel>3</instrumentChannel>
          <instrumentName>Instrumental</instrumentName>
          <hasEffects>true</hasEffects>
          <multipleVoices>true</multipleVoices>
        </instrument>
        <instrument>
          <relativeFilepath>unreal_dm_-_Californian_Winter/mix.wav</relativeFilepath>
          <audioFormat>wav</audioFormat>
          <sampleRate>44100</sampleRate>
          <length>200.116757</length>
          <numChannels>2</numChannels>
          <instrumentChannel>3</instrumentChannel>
          <instrumentName>Mix</instrumentName>
          <hasEffects>true</hasEffects>
          <multipleVoices>true</multipleVoices>
        </instrument>
      </instrumentList>
    </track>
    <track>
      <title>Jerusalem</title>
      <artist>unreal_dm</artist>
      <performer>unreal_dm</performer>
      <instrumentList>
        <instrument>
          <relativeFilepath>unreal_dm_-_Jerusalem/source-02.wav</relativeFilepath>
          <audioFormat>wav</audioFormat>
          <sampleRate>44100</sampleRate>
          <length>263.549388</length>
          <numChannels>2</numChannels>
          <instrumentChannel>3</instrumentChannel>
          <instrumentName>Voice</instrumentName>
          <hasEffects>true</hasEffects>
          <multipleVoices>true</multipleVoices>
        </instrument>
        <instrument>
          <relativeFilepath>unreal_dm_-_Jerusalem/source-01.wav</relativeFilepath>
          <audioFormat>wav</audioFormat>
          <sampleRate>44100</sampleRate>
          <length>263.549388</length>
          <numChannels>2</numChannels>
          <instrumentChannel>3</instrumentChannel>
          <instrumentName>Instrumental</instrumentName>
          <hasEffects>true</hasEffects>
          <multipleVoices>true</multipleVoices>
        </instrument>
        <instrument>
          <relativeFilepath>unreal_dm_-_Jerusalem/mix.wav</relativeFilepath>
          <audioFormat>wav</audioFormat>
          <sampleRate>44100</sampleRate>
          <length>263.549388</length>
          <numChannels>2</numChannels>
          <instrumentChannel>3</instrumentChannel>
          <instrumentName>Mix</instrumentName>
          <hasEffects>true</hasEffects>
          <multipleVoices>true</multipleVoices>
        </instrument>
      </instrumentList>
    </track>
    <track>
      <title>Just_Beginning</title>
      <artist>unreal_dm</artist>
      <performer>unreal_dm</performer>
      <instrumentList>
        <instrument>
          <relativeFilepath>unreal_dm_-_Just_Beginning/source-02.wav</relativeFilepath>
          <audioFormat>wav</audioFormat>
          <sampleRate>44100</sampleRate>
          <length>212.480000</length>
          <numChannels>2</numChannels>
          <instrumentChannel>3</instrumentChannel>
          <instrumentName>Voice</instrumentName>
          <hasEffects>true</hasEffects>
          <multipleVoices>true</multipleVoices>
        </instrument>
        <instrument>
          <relativeFilepath>unreal_dm_-_Just_Beginning/source-01.wav</relativeFilepath>
          <audioFormat>wav</audioFormat>
          <sampleRate>44100</sampleRate>
          <length>212.480000</length>
          <numChannels>2</numChannels>
          <instrumentChannel>3</instrumentChannel>
          <instrumentName>Instrumental</instrumentName>
          <hasEffects>true</hasEffects>
          <multipleVoices>true</multipleVoices>
        </instrument>
        <instrument>
          <relativeFilepath>unreal_dm_-_Just_Beginning/mix.wav</relativeFilepath>
          <audioFormat>wav</audioFormat>
          <sampleRate>44100</sampleRate>
          <length>212.480000</length>
          <numChannels>2</numChannels>
          <instrumentChannel>3</instrumentChannel>
          <instrumentName>Mix</instrumentName>
          <hasEffects>true</hasEffects>
          <multipleVoices>true</multipleVoices>
        </instrument>
      </instrumentList>
    </track>
    <track>
      <title>What_Child_is_This_(With_Admiral_Bob)</title>
      <artist>VJ_Memes</artist>
      <performer>VJ_Memes</performer>
      <instrumentList>
        <instrument>
          <relativeFilepath>VJ_Memes_-_What_Child_is_This_(With_Admiral_Bob)/source-02.wav</relativeFilepath>
          <audioFormat>wav</audioFormat>
          <sampleRate>44100</sampleRate>
          <length>182.961633</length>
          <numChannels>2</numChannels>
          <instrumentChannel>3</instrumentChannel>
          <instrumentName>Voice</instrumentName>
          <hasEffects>true</hasEffects>
          <multipleVoices>true</multipleVoices>
        </instrument>
        <instrument>
          <relativeFilepath>VJ_Memes_-_What_Child_is_This_(With_Admiral_Bob)/source-01.wav</relativeFilepath>
          <audioFormat>wav</audioFormat>
          <sampleRate>44100</sampleRate>
          <length>182.961633</length>
          <numChannels>2</numChannels>
          <instrumentChannel>3</instrumentChannel>
          <instrumentName>Instrumental</instrumentName>
          <hasEffects>true</hasEffects>
          <multipleVoices>true</multipleVoices>
        </instrument>
        <instrument>
          <relativeFilepath>VJ_Memes_-_What_Child_is_This_(With_Admiral_Bob)/mix.wav</relativeFilepath>
          <audioFormat>wav</audioFormat>
          <sampleRate>44100</sampleRate>
          <length>182.961633</length>
          <numChannels>2</numChannels>
          <instrumentChannel>3</instrumentChannel>
          <instrumentName>Mix</instrumentName>
          <hasEffects>true</hasEffects>
          <multipleVoices>true</multipleVoices>
        </instrument>
      </instrumentList>
    </track>
    <track>
      <title>Marktversagen</title>
      <artist>VonKorf</artist>
      <performer>VonKorf</performer>
      <instrumentList>
        <instrument>
          <relativeFilepath>VonKorf_-_Marktversagen/source-02.wav</relativeFilepath>
          <audioFormat>wav</audioFormat>
          <sampleRate>44100</sampleRate>
          <length>336.937029</length>
          <numChannels>2</numChannels>
          <instrumentChannel>3</instrumentChannel>
          <instrumentName>Voice</instrumentName>
          <hasEffects>true</hasEffects>
          <multipleVoices>true</multipleVoices>
        </instrument>
        <instrument>
          <relativeFilepath>VonKorf_-_Marktversagen/source-01.wav</relativeFilepath>
          <audioFormat>wav</audioFormat>
          <sampleRate>44100</sampleRate>
          <length>336.937029</length>
          <numChannels>2</numChannels>
          <instrumentChannel>3</instrumentChannel>
          <instrumentName>Instrumental</instrumentName>
          <hasEffects>true</hasEffects>
          <multipleVoices>true</multipleVoices>
        </instrument>
        <instrument>
          <relativeFilepath>VonKorf_-_Marktversagen/mix.wav</relativeFilepath>
          <audioFormat>wav</audioFormat>
          <sampleRate>44100</sampleRate>
          <length>336.937029</length>
          <numChannels>2</numChannels>
          <instrumentChannel>3</instrumentChannel>
          <instrumentName>Mix</instrumentName>
          <hasEffects>true</hasEffects>
          <multipleVoices>true</multipleVoices>
        </instrument>
      </instrumentList>
    </track>
    <track>
      <title>Not_So_Happy_Holidays</title>
      <artist>mindmapthat</artist>
      <performer>mindmapthat</performer>
      <instrumentList>
        <instrument>
          <relativeFilepath>mindmapthat_-_Not_So_Happy_Holidays/source-02.wav</relativeFilepath>
          <audioFormat>wav</audioFormat>
          <sampleRate>44100</sampleRate>
          <length>216.000000</length>
          <numChannels>2</numChannels>
          <instrumentChannel>3</instrumentChannel>
          <instrumentName>Voice</instrumentName>
          <hasEffects>true</hasEffects>
          <multipleVoices>true</multipleVoices>
        </instrument>
        <instrument>
          <relativeFilepath>mindmapthat_-_Not_So_Happy_Holidays/source-01.wav</relativeFilepath>
          <audioFormat>wav</audioFormat>
          <sampleRate>44100</sampleRate>
          <length>216.000000</length>
          <numChannels>2</numChannels>
          <instrumentChannel>3</instrumentChannel>
          <instrumentName>Instrumental</instrumentName>
          <hasEffects>true</hasEffects>
          <multipleVoices>true</multipleVoices>
        </instrument>
        <instrument>
          <relativeFilepath>mindmapthat_-_Not_So_Happy_Holidays/mix.wav</relativeFilepath>
          <audioFormat>wav</audioFormat>
          <sampleRate>44100</sampleRate>
          <length>216.000000</length>
          <numChannels>2</numChannels>
          <instrumentChannel>3</instrumentChannel>
          <instrumentName>Mix</instrumentName>
          <hasEffects>true</hasEffects>
          <multipleVoices>true</multipleVoices>
        </instrument>
      </instrumentList>
    </track>
    <track>
      <title>Elements_(_stems)</title>
      <artist>stellarartwars</artist>
      <performer>stellarartwars</performer>
      <instrumentList>
        <instrument>
          <relativeFilepath>stellarartwars_-_Elements_(_stems)/source-02.wav</relativeFilepath>
          <audioFormat>wav</audioFormat>
          <sampleRate>44100</sampleRate>
          <length>284.656327</length>
          <numChannels>2</numChannels>
          <instrumentChannel>3</instrumentChannel>
          <instrumentName>Voice</instrumentName>
          <hasEffects>true</hasEffects>
          <multipleVoices>true</multipleVoices>
        </instrument>
        <instrument>
          <relativeFilepath>stellarartwars_-_Elements_(_stems)/source-01.wav</relativeFilepath>
          <audioFormat>wav</audioFormat>
          <sampleRate>44100</sampleRate>
          <length>284.656327</length>
          <numChannels>2</numChannels>
          <instrumentChannel>3</instrumentChannel>
          <instrumentName>Instrumental</instrumentName>
          <hasEffects>true</hasEffects>
          <multipleVoices>true</multipleVoices>
        </instrument>
        <instrument>
          <relativeFilepath>stellarartwars_-_Elements_(_stems)/mix.wav</relativeFilepath>
          <audioFormat>wav</audioFormat>
          <sampleRate>44100</sampleRate>
          <length>284.656327</length>
          <numChannels>2</numChannels>
          <instrumentChannel>3</instrumentChannel>
          <instrumentName>Mix</instrumentName>
          <hasEffects>true</hasEffects>
          <multipleVoices>true</multipleVoices>
        </instrument>
      </instrumentList>
    </track>
    <track>
      <title>Pheromones_(slightly_retro_happy_mix)_stems</title>
      <artist>stellarartwars</artist>
      <performer>stellarartwars</performer>
      <instrumentList>
        <instrument>
          <relativeFilepath>stellarartwars_-_Pheromones_(slightly_retro_happy_mix)_stems/source-02.wav</relativeFilepath>
          <audioFormat>wav</audioFormat>
          <sampleRate>44100</sampleRate>
          <length>215.877937</length>
          <numChannels>2</numChannels>
          <instrumentChannel>3</instrumentChannel>
          <instrumentName>Voice</instrumentName>
          <hasEffects>true</hasEffects>
          <multipleVoices>true</multipleVoices>
        </instrument>
        <instrument>
          <relativeFilepath>stellarartwars_-_Pheromones_(slightly_retro_happy_mix)_stems/source-01.wav</relativeFilepath>
          <audioFormat>wav</audioFormat>
          <sampleRate>44100</sampleRate>
          <length>215.877937</length>
          <numChannels>2</numChannels>
          <instrumentChannel>3</instrumentChannel>
          <instrumentName>Instrumental</instrumentName>
          <hasEffects>true</hasEffects>
          <multipleVoices>true</multipleVoices>
        </instrument>
        <instrument>
          <relativeFilepath>stellarartwars_-_Pheromones_(slightly_retro_happy_mix)_stems/mix.wav</relativeFilepath>
          <audioFormat>wav</audioFormat>
          <sampleRate>44100</sampleRate>
          <length>215.877937</length>
          <numChannels>2</numChannels>
          <instrumentChannel>3</instrumentChannel>
          <instrumentName>Mix</instrumentName>
          <hasEffects>true</hasEffects>
          <multipleVoices>true</multipleVoices>
        </instrument>
      </instrumentList>
    </track>
    <track>
      <title>The_Scuffle_of_Mouth_Sounds_and_the_Magnificent_Uke</title>
      <artist>mindmapthat</artist>
      <performer>mindmapthat</performer>
      <instrumentList>
        <instrument>
          <relativeFilepath>mindmapthat_-_The_Scuffle_of_Mouth_Sounds_and_the_Magnificent_Uke/source-02.wav</relativeFilepath>
          <audioFormat>wav</audioFormat>
          <sampleRate>44100</sampleRate>
          <length>105.499274</length>
          <numChannels>1</numChannels>
          <instrumentChannel>3</instrumentChannel>
          <instrumentName>Voice</instrumentName>
          <hasEffects>true</hasEffects>
          <multipleVoices>true</multipleVoices>
        </instrument>
        <instrument>
          <relativeFilepath>mindmapthat_-_The_Scuffle_of_Mouth_Sounds_and_the_Magnificent_Uke/source-01.wav</relativeFilepath>
          <audioFormat>wav</audioFormat>
          <sampleRate>44100</sampleRate>
          <length>105.499274</length>
          <numChannels>1</numChannels>
          <instrumentChannel>3</instrumentChannel>
          <instrumentName>Instrumental</instrumentName>
          <hasEffects>true</hasEffects>
          <multipleVoices>true</multipleVoices>
        </instrument>
        <instrument>
          <relativeFilepath>mindmapthat_-_The_Scuffle_of_Mouth_Sounds_and_the_Magnificent_Uke/mix.wav</relativeFilepath>
          <audioFormat>wav</audioFormat>
          <sampleRate>44100</sampleRate>
          <length>105.499274</length>
          <numChannels>1</numChannels>
          <instrumentChannel>3</instrumentChannel>
          <instrumentName>Mix</instrumentName>
          <hasEffects>true</hasEffects>
          <multipleVoices>true</multipleVoices>
        </instrument>
      </instrumentList>
    </track>
    <track>
      <title>King_Richard_s_Blues_(harp_added)</title>
      <artist>Mr_Yesterday</artist>
      <performer>Mr_Yesterday</performer>
      <instrumentList>
        <instrument>
          <relativeFilepath>Mr_Yesterday_-_King_Richard_s_Blues_(harp_added)/source-02.wav</relativeFilepath>
          <audioFormat>wav</audioFormat>
          <sampleRate>44100</sampleRate>
          <length>380.453900</length>
          <numChannels>2</numChannels>
          <instrumentChannel>3</instrumentChannel>
          <instrumentName>Voice</instrumentName>
          <hasEffects>true</hasEffects>
          <multipleVoices>true</multipleVoices>
        </instrument>
        <instrument>
          <relativeFilepath>Mr_Yesterday_-_King_Richard_s_Blues_(harp_added)/source-01.wav</relativeFilepath>
          <audioFormat>wav</audioFormat>
          <sampleRate>44100</sampleRate>
          <length>380.453900</length>
          <numChannels>2</numChannels>
          <instrumentChannel>3</instrumentChannel>
          <instrumentName>Instrumental</instrumentName>
          <hasEffects>true</hasEffects>
          <multipleVoices>true</multipleVoices>
        </instrument>
        <instrument>
          <relativeFilepath>Mr_Yesterday_-_King_Richard_s_Blues_(harp_added)/mix.wav</relativeFilepath>
          <audioFormat>wav</audioFormat>
          <sampleRate>44100</sampleRate>
          <length>380.453900</length>
          <numChannels>2</numChannels>
          <instrumentChannel>3</instrumentChannel>
          <instrumentName>Mix</instrumentName>
          <hasEffects>true</hasEffects>
          <multipleVoices>true</multipleVoices>
        </instrument>
      </instrumentList>
    </track>
    <track>
      <title>Little_White_Lies</title>
      <artist>Nikmusik</artist>
      <performer>Nikmusik</performer>
      <instrumentList>
        <instrument>
          <relativeFilepath>Nikmusik_-_Little_White_Lies/source-02.wav</relativeFilepath>
          <audioFormat>wav</audioFormat>
          <sampleRate>44100</sampleRate>
          <length>204.094694</length>
          <numChannels>2</numChannels>
          <instrumentChannel>3</instrumentChannel>
          <instrumentName>Voice</instrumentName>
          <hasEffects>true</hasEffects>
          <multipleVoices>true</multipleVoices>
        </instrument>
        <instrument>
          <relativeFilepath>Nikmusik_-_Little_White_Lies/source-01.wav</relativeFilepath>
          <audioFormat>wav</audioFormat>
          <sampleRate>44100</sampleRate>
          <length>204.094694</length>
          <numChannels>2</numChannels>
          <instrumentChannel>3</instrumentChannel>
          <instrumentName>Instrumental</instrumentName>
          <hasEffects>true</hasEffects>
          <multipleVoices>true</multipleVoices>
        </instrument>
        <instrument>
          <relativeFilepath>Nikmusik_-_Little_White_Lies/mix.wav</relativeFilepath>
          <audioFormat>wav</audioFormat>
          <sampleRate>44100</sampleRate>
          <length>204.094694</length>
          <numChannels>2</numChannels>
          <instrumentChannel>3</instrumentChannel>
          <instrumentName>Mix</instrumentName>
          <hasEffects>true</hasEffects>
          <multipleVoices>true</multipleVoices>
        </instrument>
      </instrumentList>
    </track>
    <track>
      <title>Orange_(Room_29_MMXIII)</title>
      <artist>Per</artist>
      <performer>Per</performer>
      <instrumentList>
        <instrument>
          <relativeFilepath>Per_-_Orange_(Room_29_MMXIII)/source-02.wav</relativeFilepath>
          <audioFormat>wav</audioFormat>
          <sampleRate>44100</sampleRate>
          <length>241.737143</length>
          <numChannels>2</numChannels>
          <instrumentChannel>3</instrumentChannel>
          <instrumentName>Voice</instrumentName>
          <hasEffects>true</hasEffects>
          <multipleVoices>true</multipleVoices>
        </instrument>
        <instrument>
          <relativeFilepath>Per_-_Orange_(Room_29_MMXIII)/source-01.wav</relativeFilepath>
          <audioFormat>wav</audioFormat>
          <sampleRate>44100</sampleRate>
          <length>241.737143</length>
          <numChannels>2</numChannels>
          <instrumentChannel>3</instrumentChannel>
          <instrumentName>Instrumental</instrumentName>
          <hasEffects>true</hasEffects>
          <multipleVoices>true</multipleVoices>
        </instrument>
        <instrument>
          <relativeFilepath>Per_-_Orange_(Room_29_MMXIII)/mix.wav</relativeFilepath>
          <audioFormat>wav</audioFormat>
          <sampleRate>44100</sampleRate>
          <length>241.737143</length>
          <numChannels>2</numChannels>
          <instrumentChannel>3</instrumentChannel>
          <instrumentName>Mix</instrumentName>
          <hasEffects>true</hasEffects>
          <multipleVoices>true</multipleVoices>
        </instrument>
      </instrumentList>
    </track>
    <track>
      <title>Amy_Winehouse_Blues_(stems)</title>
      <artist>stellarartwars</artist>
      <performer>stellarartwars</performer>
      <instrumentList>
        <instrument>
          <relativeFilepath>stellarartwars_-_Amy_Winehouse_Blues_(stems)/source-02.wav</relativeFilepath>
          <audioFormat>wav</audioFormat>
          <sampleRate>44100</sampleRate>
          <length>235.697506</length>
          <numChannels>2</numChannels>
          <instrumentChannel>3</instrumentChannel>
          <instrumentName>Voice</instrumentName>
          <hasEffects>true</hasEffects>
          <multipleVoices>true</multipleVoices>
        </instrument>
        <instrument>
          <relativeFilepath>stellarartwars_-_Amy_Winehouse_Blues_(stems)/source-01.wav</relativeFilepath>
          <audioFormat>wav</audioFormat>
          <sampleRate>44100</sampleRate>
          <length>235.697506</length>
          <numChannels>2</numChannels>
          <instrumentChannel>3</instrumentChannel>
          <instrumentName>Instrumental</instrumentName>
          <hasEffects>true</hasEffects>
          <multipleVoices>true</multipleVoices>
        </instrument>
        <instrument>
          <relativeFilepath>stellarartwars_-_Amy_Winehouse_Blues_(stems)/mix.wav</relativeFilepath>
          <audioFormat>wav</audioFormat>
          <sampleRate>44100</sampleRate>
          <length>235.697506</length>
          <numChannels>2</numChannels>
          <instrumentChannel>3</instrumentChannel>
          <instrumentName>Mix</instrumentName>
          <hasEffects>true</hasEffects>
          <multipleVoices>true</multipleVoices>
        </instrument>
      </instrumentList>
    </track>
    <track>
      <title>A_Forest_(Crimson_Lizard_Mix)_stems</title>
      <artist>stellarartwars</artist>
      <performer>stellarartwars</performer>
      <instrumentList>
        <instrument>
          <relativeFilepath>stellarartwars_-_A_Forest_(Crimson_Lizard_Mix)_stems/source-02.wav</relativeFilepath>
          <audioFormat>wav</audioFormat>
          <sampleRate>44100</sampleRate>
          <length>456.097959</length>
          <numChannels>2</numChannels>
          <instrumentChannel>3</instrumentChannel>
          <instrumentName>Voice</instrumentName>
          <hasEffects>true</hasEffects>
          <multipleVoices>true</multipleVoices>
        </instrument>
        <instrument>
          <relativeFilepath>stellarartwars_-_A_Forest_(Crimson_Lizard_Mix)_stems/source-01.wav</relativeFilepath>
          <audioFormat>wav</audioFormat>
          <sampleRate>44100</sampleRate>
          <length>456.097959</length>
          <numChannels>2</numChannels>
          <instrumentChannel>3</instrumentChannel>
          <instrumentName>Instrumental</instrumentName>
          <hasEffects>true</hasEffects>
          <multipleVoices>true</multipleVoices>
        </instrument>
        <instrument>
          <relativeFilepath>stellarartwars_-_A_Forest_(Crimson_Lizard_Mix)_stems/mix.wav</relativeFilepath>
          <audioFormat>wav</audioFormat>
          <sampleRate>44100</sampleRate>
          <length>456.097959</length>
          <numChannels>2</numChannels>
          <instrumentChannel>3</instrumentChannel>
          <instrumentName>Mix</instrumentName>
          <hasEffects>true</hasEffects>
          <multipleVoices>true</multipleVoices>
        </instrument>
      </instrumentList>
    </track>
    <track>
      <title>Bird_(_stems)</title>
      <artist>stellarartwars</artist>
      <performer>stellarartwars</performer>
      <instrumentList>
        <instrument>
          <relativeFilepath>stellarartwars_-_Bird_(_stems)/source-02.wav</relativeFilepath>
          <audioFormat>wav</audioFormat>
          <sampleRate>44100</sampleRate>
          <length>216.442109</length>
          <numChannels>2</numChannels>
          <instrumentChannel>3</instrumentChannel>
          <instrumentName>Voice</instrumentName>
          <hasEffects>true</hasEffects>
          <multipleVoices>true</multipleVoices>
        </instrument>
        <instrument>
          <relativeFilepath>stellarartwars_-_Bird_(_stems)/source-01.wav</relativeFilepath>
          <audioFormat>wav</audioFormat>
          <sampleRate>44100</sampleRate>
          <length>216.442109</length>
          <numChannels>2</numChannels>
          <instrumentChannel>3</instrumentChannel>
          <instrumentName>Instrumental</instrumentName>
          <hasEffects>true</hasEffects>
          <multipleVoices>true</multipleVoices>
        </instrument>
        <instrument>
          <relativeFilepath>stellarartwars_-_Bird_(_stems)/mix.wav</relativeFilepath>
          <audioFormat>wav</audioFormat>
          <sampleRate>44100</sampleRate>
          <length>216.442109</length>
          <numChannels>2</numChannels>
          <instrumentChannel>3</instrumentChannel>
          <instrumentName>Mix</instrumentName>
          <hasEffects>true</hasEffects>
          <multipleVoices>true</multipleVoices>
        </instrument>
      </instrumentList>
    </track>
    <track>
      <title>black_swan_(10_out_of_10_mix)_stems</title>
      <artist>stellarartwars</artist>
      <performer>stellarartwars</performer>
      <instrumentList>
        <instrument>
          <relativeFilepath>stellarartwars_-_black_swan_(10_out_of_10_mix)_stems/source-02.wav</relativeFilepath>
          <audioFormat>wav</audioFormat>
          <sampleRate>44100</sampleRate>
          <length>195.526531</length>
          <numChannels>2</numChannels>
          <instrumentChannel>3</instrumentChannel>
          <instrumentName>Voice</instrumentName>
          <hasEffects>true</hasEffects>
          <multipleVoices>true</multipleVoices>
        </instrument>
        <instrument>
          <relativeFilepath>stellarartwars_-_black_swan_(10_out_of_10_mix)_stems/source-01.wav</relativeFilepath>
          <audioFormat>wav</audioFormat>
          <sampleRate>44100</sampleRate>
          <length>195.526531</length>
          <numChannels>2</numChannels>
          <instrumentChannel>3</instrumentChannel>
          <instrumentName>Instrumental</instrumentName>
          <hasEffects>true</hasEffects>
          <multipleVoices>true</multipleVoices>
        </instrument>
        <instrument>
          <relativeFilepath>stellarartwars_-_black_swan_(10_out_of_10_mix)_stems/mix.wav</relativeFilepath>
          <audioFormat>wav</audioFormat>
          <sampleRate>44100</sampleRate>
          <length>195.526531</length>
          <numChannels>2</numChannels>
          <instrumentChannel>3</instrumentChannel>
          <instrumentName>Mix</instrumentName>
          <hasEffects>true</hasEffects>
          <multipleVoices>true</multipleVoices>
        </instrument>
      </instrumentList>
    </track>
    <track>
      <title>Breakdown_Boy_(SAW_mix)</title>
      <artist>stellarartwars</artist>
      <performer>stellarartwars</performer>
      <instrumentList>
        <instrument>
          <relativeFilepath>stellarartwars_-_Breakdown_Boy_(SAW_mix)/source-02.wav</relativeFilepath>
          <audioFormat>wav</audioFormat>
          <sampleRate>44100</sampleRate>
          <length>212.088163</length>
          <numChannels>2</numChannels>
          <instrumentChannel>3</instrumentChannel>
          <instrumentName>Voice</instrumentName>
          <hasEffects>true</hasEffects>
          <multipleVoices>true</multipleVoices>
        </instrument>
        <instrument>
          <relativeFilepath>stellarartwars_-_Breakdown_Boy_(SAW_mix)/source-01.wav</relativeFilepath>
          <audioFormat>wav</audioFormat>
          <sampleRate>44100</sampleRate>
          <length>212.088163</length>
          <numChannels>2</numChannels>
          <instrumentChannel>3</instrumentChannel>
          <instrumentName>Instrumental</instrumentName>
          <hasEffects>true</hasEffects>
          <multipleVoices>true</multipleVoices>
        </instrument>
        <instrument>
          <relativeFilepath>stellarartwars_-_Breakdown_Boy_(SAW_mix)/mix.wav</relativeFilepath>
          <audioFormat>wav</audioFormat>
          <sampleRate>44100</sampleRate>
          <length>212.088163</length>
          <numChannels>2</numChannels>
          <instrumentChannel>3</instrumentChannel>
          <instrumentName>Mix</instrumentName>
          <hasEffects>true</hasEffects>
          <multipleVoices>true</multipleVoices>
        </instrument>
      </instrumentList>
    </track>
    <track>
      <title>Dollar_(Nice_Spicy_Mix)_stems</title>
      <artist>stellarartwars</artist>
      <performer>stellarartwars</performer>
      <instrumentList>
        <instrument>
          <relativeFilepath>stellarartwars_-_Dollar_(Nice_Spicy_Mix)_stems/source-02.wav</relativeFilepath>
          <audioFormat>wav</audioFormat>
          <sampleRate>44100</sampleRate>
          <length>188.656327</length>
          <numChannels>2</numChannels>
          <instrumentChannel>3</instrumentChannel>
          <instrumentName>Voice</instrumentName>
          <hasEffects>true</hasEffects>
          <multipleVoices>true</multipleVoices>
        </instrument>
        <instrument>
          <relativeFilepath>stellarartwars_-_Dollar_(Nice_Spicy_Mix)_stems/source-01.wav</relativeFilepath>
          <audioFormat>wav</audioFormat>
          <sampleRate>44100</sampleRate>
          <length>188.656327</length>
          <numChannels>2</numChannels>
          <instrumentChannel>3</instrumentChannel>
          <instrumentName>Instrumental</instrumentName>
          <hasEffects>true</hasEffects>
          <multipleVoices>true</multipleVoices>
        </instrument>
        <instrument>
          <relativeFilepath>stellarartwars_-_Dollar_(Nice_Spicy_Mix)_stems/mix.wav</relativeFilepath>
          <audioFormat>wav</audioFormat>
          <sampleRate>44100</sampleRate>
          <length>188.656327</length>
          <numChannels>2</numChannels>
          <instrumentChannel>3</instrumentChannel>
          <instrumentName>Mix</instrumentName>
          <hasEffects>true</hasEffects>
          <multipleVoices>true</multipleVoices>
        </instrument>
      </instrumentList>
    </track>
  </trackList>
</database>
